{
    "BgRock": {
        "IceColor": [
            0.6457611322402954,
            0.5539215803146362,
            1.0,
            1.0
        ],
        "RimColor": [
            0.0,
            0.35294103622436523,
            1.0,
            1.0
        ],
        "RimIntensity": 1.5800000429153442,
        "RimPower": 0.9700000286102295,
        "Rotate": [
            0.0,
            0.0,
            0.0
        ],
        "Scale": [
            18.0,
            18.0,
            18.0
        ],
        "SceneName": "TDGameScene",
        "Shininess": 100.0,
        "SpecularColor": [
            0.47058820724487305,
            0.0,
            1.0,
            1.0
        ],
        "Translate": [
            0.0,
            -15.0,
            0.0
        ]
    }
}
