{
    "BgRock": {
        "IceColor": [
            0.6470588445663452,
            0.5529412031173706,
            1.0,
            1.0
        ],
        "RimColor": [
            0.04901963472366333,
            0.21684008836746216,
            1.0,
            1.0
        ],
        "RimIntensity": 1.5,
        "RimPower": 0.9700000286102295,
        "Rotate": [
            0.0,
            0.0,
            0.0
        ],
        "Scale": [
            18.0,
            18.0,
            18.0
        ],
        "SceneName": "TDGameScene",
        "Shininess": 100.0,
        "SpecularColor": [
            0.47058820724487305,
            0.0,
            1.0,
            1.0
        ],
        "Translate": [
            0.0,
            -15.0,
            0.0
        ]
    }
}
