{
    "Bloom": {
        "Intensity": 0.11999999731779099,
        "Mask": 0.800000011920929,
        "SceneName": "TDGameScene",
        "Sigm": 2.0
    }
}
