{
    "Bloom": {
        "Intensity": 0.20000000298023224,
        "Mask": 0.800000011920929,
        "SceneName": "TDGameScene",
        "Sigm": 2.0
    }
}
