{
    "Bloom": {
        "Intensity": 0.029999999329447746,
        "Mask": 0.800000011920929,
        "SceneName": "TDGameScene",
        "Sigm": 2.0
    }
}
