{
    "BossHpUI": {
        "BossNamePosition": [
            640.0,
            48.0
        ],
        "BossNameSize": [
            256.0,
            128.0
        ],
        "HpColor": [
            0.8970588445663452,
            0.08186827600002289,
            0.05716549605131149,
            1.0
        ],
        "HpFrameColor": [
            0.009803950786590576,
            0.009803950786590576,
            0.009803950786590576,
            1.0
        ],
        "HpPosition": [
            400.0,
            87.0
        ],
        "HpSize": [
            480.0,
            16.0
        ],
        "SceneName": "TDGameScene"
    }
}
