{
    "Boss_Material": {
        "IceColor": [
            0.7596808075904846,
            0.632785439491272,
            0.8382352590560913,
            0.843137264251709
        ],
        "RimColor": [
            0.11413876712322235,
            0.18624767661094666,
            0.9313725233078003,
            1.0
        ],
        "RimIntensity": 2.0299999713897705,
        "RimPower": 2.069999933242798,
        "SceneName": "ALGameScene",
        "Shininess": 251.75,
        "SpecularColor": [
            0.29411745071411133,
            0.0,
            1.0,
            1.0
        ]
    }
}
