{
    "BossHpUI": {
        "BossNamePosition": [
            640.0,
            48.0
        ],
        "BossNameSize": [
            256.0,
            128.0
        ],
        "HpColor": [
            0.8970588445663452,
            0.08186827600002289,
            0.05716549605131149,
            1.0
        ],
        "HpFrameColor": [
            0.04901963472366333,
            0.04901963472366333,
            0.04901963472366333,
            1.0
        ],
        "HpPosition": [
            400.0,
            85.0
        ],
        "HpSize": [
            480.0,
            6.0
        ],
        "SceneName": "TDGameScene"
    }
}
