{
    "EnemyWindAttackParticle": {
        "LifeTime": 0.800000011920929,
        "SceneName": "TDGameScene",
        "SpawnCoolTime": 0.05000000074505806
    }
}
