{
    "GameSceneLight": {
        "Color": [
            0.9289215803146362,
            0.9166666865348816,
            1.0,
            1.0
        ],
        "Direction": [
            0.0,
            -1.0,
            0.0
        ],
        "Intensity": 1.0,
        "SceneName": "TDGameScene"
    }
}
