{
    "GameSceneLight": {
        "Color": [
            0.9048441648483276,
            0.8529411554336548,
            1.0,
            1.0
        ],
        "Direction": [
            0.0,
            -1.0,
            0.0
        ],
        "Intensity": 1.0,
        "SceneName": "TDGameScene"
    }
}
