{
    "HitEffect": {
        "ColorRange": {
            "Max": [
                0.0,
                1.0,
                0.9411764144897461,
                1.0
            ],
            "Min": [
                0.0,
                1.0,
                0.17134690284729004,
                1.0
            ]
        },
        "EndAlpha": 0.0,
        "EndColor": [
            0.44117647409439087,
            0.44117647409439087,
            0.44117647409439087,
            1.0
        ],
        "EndSize": [
            0.0,
            0.0,
            0.0
        ],
        "FieldAcceleration": [
            0.0,
            -25.0,
            0.0
        ],
        "IsBillBoard": true,
        "IsEnableAlphaOverLifeTime": false,
        "IsEnableColorOverLifeTime": false,
        "IsEnableRotateZFromVelocity": false,
        "IsEnableSizeOverLifeTime": true,
        "IsEnableVelocityFromPosition": false,
        "IsLoop": false,
        "LifeTime": 1.0,
        "MaxVelocity": 0.0,
        "MinVelocity": 0.0,
        "RotateRange": {
            "Max": [
                0.0,
                0.0,
                0.0
            ],
            "Min": [
                0.0,
                0.0,
                0.0
            ]
        },
        "ScaleRange": {
            "Max": [
                0.8999999761581421,
                0.8999999761581421,
                0.8999999761581421
            ],
            "Min": [
                0.0,
                0.0,
                0.0
            ]
        },
        "SceneName": "ALGameScene",
        "SpawnCoolTime": 1.0,
        "SpawnMaxCount": 32,
        "SpawnRange": {
            "Max": [
                1.0,
                0.0,
                1.0
            ],
            "Min": [
                -1.0,
                0.0,
                -1.0
            ]
        },
        "Textures": {
            "circle.png": 7
        },
        "VelocityRange": {
            "Max": [
                10.0,
                20.0,
                10.0
            ],
            "Min": [
                -10.0,
                5.0,
                -10.0
            ]
        }
    }
}
