{
    "IceFall": {
        "ColliderSize": 3.119999885559082,
        "EndPosY": 0.0,
        "IceColor": [
            0.43949440121650696,
            0.5054405927658081,
            0.7598038911819458,
            0.7450980544090271
        ],
        "MaxTime": 1.0,
        "RimColor": [
            0.0,
            0.378460168838501,
            0.8578431606292725,
            1.0
        ],
        "RimIntensity": 1.8300000429153442,
        "RimPower": 3.319999933242798,
        "Scale": 3.0,
        "SceneName": "TDGameScene",
        "Shininess": 10.0,
        "SpecularColor": [
            0.33794689178466797,
            1.0,
            0.19607841968536377,
            1.0
        ],
        "StartPosY": -10.0
    }
}
