{
    "IceFall": {
        "ColliderSize": 3.119999885559082,
        "EndPosY": 0.0,
        "IceColor": [
            0.22400037944316864,
            0.33734089136123657,
            0.7745097875595093,
            0.7450980544090271
        ],
        "MaxTime": 0.4000000059604645,
        "RimColor": [
            0.7598038911819458,
            1.0,
            1.0,
            1.0
        ],
        "RimIntensity": 1.8300000429153442,
        "RimPower": 3.319999933242798,
        "Scale": 3.0,
        "SceneName": "TDGameScene",
        "Shininess": 10.0,
        "SpecularColor": [
            0.33794689178466797,
            1.0,
            0.19607841968536377,
            1.0
        ],
        "StartPosY": -10.0
    }
}
