{
    "IceTerrain": {
        "BaseColor": [
            0.4738561809062958,
            0.5532487630844116,
            0.6666666269302368,
            1.0
        ],
        "IceColor": [
            0.32439449429512024,
            0.33287566900253296,
            0.6127451062202454,
            1.0
        ],
        "RimColor": [
            0.0,
            0.29600000381469727,
            0.671999990940094,
            1.0
        ],
        "RimIntensity": 0.5,
        "SceneName": "ALGameScene",
        "Shininess": 50.0,
        "SpecularColor": [
            1.0,
            0.0,
            0.5294122695922852,
            1.0
        ],
        "Time": 0.6499999761581421
    }
}
