{
    "IceTerrain": {
        "BaseColor": [
            0.0,
            0.10380618274211884,
            0.29411762952804565,
            1.0
        ],
        "IceColor": [
            1.0,
            1.0,
            1.0,
            1.0
        ],
        "RimColor": [
            1.0,
            1.0,
            1.0,
            1.0
        ],
        "RimIntensity": 1.0,
        "SceneName": "TDGameScene",
        "Shininess": 8.0,
        "SpecularColor": [
            1.0,
            1.0,
            1.0,
            1.0
        ],
        "Time": 0.5
    }
}
