{
    "IceTerrain": {
        "BaseColor": [
            0.0,
            0.07439453899860382,
            0.21078431606292725,
            1.0
        ],
        "IceColor": [
            0.6701268553733826,
            0.7513400316238403,
            0.8235294222831726,
            1.0
        ],
        "PlaneSpecularColor": [
            1.0,
            1.0,
            1.0,
            0.0
        ],
        "PlaneSpecularPower": 250.0,
        "RimColor": [
            0.3148788511753082,
            0.569560706615448,
            0.8921568393707275,
            1.0
        ],
        "RimIntensity": 1.5,
        "RimPower": 3.0,
        "Scale": 50.0,
        "SceneName": "TDGameScene",
        "Shininess": 8.0,
        "SpecularColor": [
            1.0,
            1.0,
            1.0,
            1.0
        ],
        "Time": 0.4000000059604645
    }
}
