{
    "IceTerrain": {
        "BaseColor": [
            0.45588237047195435,
            0.45588237047195435,
            0.45588237047195435,
            1.0
        ],
        "IceColor": [
            1.0,
            1.0,
            1.0,
            1.0
        ],
        "RimIntensity": 0.30000001192092896,
        "SceneName": "TDGameScene",
        "Shininess": 50.0,
        "Time": 0.699999988079071
    }
}
