{
    "IceTerrain": {
        "BaseColor": [
            0.4264705777168274,
            0.4264705777168274,
            0.4264705777168274,
            1.0
        ],
        "IceColor": [
            0.37197229266166687,
            0.37833309173583984,
            0.5882352590560913,
            1.0
        ],
        "RimColor": [
            0.0,
            0.29600000381469727,
            0.671999990940094,
            1.0
        ],
        "RimIntensity": 0.5,
        "SceneName": "ALGameScene",
        "Shininess": 50.0,
        "SpecularColor": [
            1.0,
            0.0,
            0.5294122695922852,
            1.0
        ],
        "Time": 0.6499999761581421
    }
}
