{
    "Player": {
        "JumpMaxHeight": 4.0,
        "JumpMaxTime": 0.6499999761581421,
        "MoveSpeed": 20.0,
        "SceneName": "ALGameScene",
        "TurnTime": 0.800000011920929
    }
}
