{
    "StageWallPlane": {
        "BaseColor": [
            0.0,
            0.07439453899860382,
            0.21078431606292725,
            1.0
        ],
        "IceColor": [
            0.6701268553733826,
            0.7513400316238403,
            0.8235294222831726,
            1.0
        ],
        "RimColor": [
            0.0,
            0.29600000381469727,
            0.671999990940094
        ],
        "RimIntensity": 0.30000001192092896,
        "SceneName": "TDGameScene",
        "Shininess": 8.0,
        "SpecularColor": [
            1.0,
            1.0,
            1.0
        ],
        "Time": 3.0
    }
}
