{
    "Wall": {
        "IceColor": [
            0.27450981736183167,
            0.3686274588108063,
            0.8156862854957581,
            0.8784313797950745
        ],
        "RimColor": [
            0.2315283715724945,
            0.17993079125881195,
            0.7647058963775635,
            1.0
        ],
        "RimIntensity": -0.05000000074505806,
        "RimPower": 1.850000023841858,
        "SceneName": "ALGameScene",
        "Shininess": 250.0,
        "SpecularColor": [
            0.0588231086730957,
            0.0,
            1.0,
            1.0
        ]
    }
}
