{
    "Wall": {
        "IceColor": [
            0.06862747669219971,
            0.561707079410553,
            1.0,
            0.6117647290229797
        ],
        "RimColor": [
            0.06757014989852905,
            0.09448006749153137,
            0.37254899740219116,
            0.5254902243614197
        ],
        "RimIntensity": 0.30000001192092896,
        "RimPower": 3.0,
        "Scale": [
            24.5,
            10.0,
            2.0
        ],
        "SceneName": "TDGameScene",
        "Shininess": 0.0,
        "SpecularColor": [
            0.0,
            0.0,
            0.0,
            0.0
        ]
    }
}
