{
    "Wall": {
        "IceColor": [
            0.06862747669219971,
            0.3699539303779602,
            1.0,
            0.6117647290229797
        ],
        "RimColor": [
            0.03743752837181091,
            0.17681410908699036,
            0.4019607901573181,
            0.5254902243614197
        ],
        "RimIntensity": 0.30000001192092896,
        "RimPower": 3.0,
        "Scale": [
            24.5,
            10.0,
            2.0
        ],
        "SceneName": "TDGameScene",
        "Shininess": 10.0,
        "SpecularColor": [
            0.13235294818878174,
            0.18339145183563232,
            1.0,
            1.0
        ]
    }
}
