{"nodes":{"node:1":{"location":{"x":-122,"y":-64}}},"selection":null,"view":{"scroll":{"x":-373.026611328125,"y":-176.206192016601562},"visible_rect":{"max":{"x":269.8897705078125,"y":174.342117309570312},"min":{"x":-355.779266357421875,"y":-168.05908203125}},"zoom":1.0484776496887207}}