{"nodes":{"node:1":{"location":{"x":-122,"y":-64}}},"selection":null,"view":{"scroll":{"x":-457.68353271484375,"y":-212.036407470703125},"visible_rect":{"max":{"x":276.86566162109375,"y":174.341522216796875},"min":{"x":-362.756591796875,"y":-168.058502197265625}},"zoom":1.26168215274810791}}