{"nodes":{"node:1":{"location":{"x":-122,"y":-64}}},"selection":null,"view":{"scroll":{"x":-357.279022216796875,"y":-179.151123046875},"visible_rect":{"max":{"x":249.269241333007812,"y":174.342315673828125},"min":{"x":-335.158599853515625,"y":-168.059234619140625}},"zoom":1.06599986553192139}}