{"nodes":{"node:1":{"location":{"x":-122,"y":-64}}},"selection":null,"view":{"scroll":{"x":-363.1502685546875,"y":-174.733688354492188},"visible_rect":{"max":{"x":263.389404296875,"y":174.342422485351562},"min":{"x":-349.278900146484375,"y":-168.059326171875}},"zoom":1.03971433639526367}}