{"nodes":{"node:1":{"location":{"x":-122,"y":-64}}},"selection":null,"view":{"scroll":{"x":-698.52569580078125,"y":-319.0362548828125},"visible_rect":{"max":{"x":282.07171630859375,"y":174.341705322265625},"min":{"x":-367.962249755859375,"y":-168.058670043945312}},"zoom":1.89836227893829346}}