{"nodes":{"node:1":{"location":{"x":-122,"y":-64}}},"selection":null,"view":{"scroll":{"x":-407.015899658203125,"y":-202.745162963867188},"visible_rect":{"max":{"x":236.127090454101562,"y":172.230010986328125},"min":{"x":-378.39959716796875,"y":-188.490631103515625}},"zoom":1.07562458515167236}}