{"nodes":{"node:1":{"location":{"x":-122,"y":-64}}},"selection":null,"view":{"scroll":{"x":-356.150421142578125,"y":-174.73370361328125},"visible_rect":{"max":{"x":256.65667724609375,"y":174.342422485351562},"min":{"x":-342.546478271484375,"y":-168.059356689453125}},"zoom":1.03971421718597412}}