{"nodes":{"node:1":{"location":{"x":-122,"y":-64}}},"selection":null,"view":{"scroll":{"x":-401.456695556640625,"y":-199.954940795898438},"visible_rect":{"max":{"x":269.9100341796875,"y":183.499481201171875},"min":{"x":-355.802215576171875,"y":-177.215652465820312}},"zoom":1.12831413745880127}}