{"nodes":{"node:1":{"location":{"x":-122,"y":-64}}},"selection":null,"view":{"scroll":{"x":-450.6832275390625,"y":-212.036422729492188},"visible_rect":{"max":{"x":271.31805419921875,"y":174.341690063476562},"min":{"x":-357.208587646484375,"y":-168.058685302734375}},"zoom":1.26168084144592285}}