{"nodes":{"node:1":{"location":{"x":-64,"y":-176}}},"selection":null,"view":{"scroll":{"x":-653.14990234375,"y":-154.827224731445312},"visible_rect":{"max":{"x":117.033897399902344,"y":186.120407104492188},"min":{"x":-420.96612548828125,"y":-101.879600524902344}},"zoom":1.30037760734558105}}